{
  "name": "metisMenu",
  "homepage": "https://github.com/onokumus/metisMenu",
  "authors": [
    "onokumus <onokumus@gmail.com>"
  ],
  "description": "A jQuery menu plugin",
  "main": [
    "dist/metisMenu.js",
    "dist/metisMenu.css"
  ],
  "keywords": [
    "twitter",
    "bootstrap",
    "twbs",
    "jquery",
    "menu",
    "accordion",
    "toggle",
    "metis",
    "metisMenu"
  ],
  "license": "MIT",
  "ignore": [
    "**/.*",
    "node_modules",
    "bower_components",
    "test",
    "tests",
    "src",
    "composer.json"
  ],
  "dependencies": {
    "jquery": "~2.1.4"
  },
  "version": "2.2.0",
  "_release": "2.2.0",
  "_resolution": {
    "type": "version",
    "tag": "v2.2.0",
    "commit": "aaa0c7c25eabef21851455cacf2345d07acbe429"
  },
  "_source": "https://github.com/onokumus/metisMenu.git",
  "_target": "~2.2.0",
  "_originalSource": "metisMenu"
}